{
  "metadata": {
    "generated": "2026-03-25T11:20:51.457570",
    "generator": "cache_results.py",
    "random_seed": 42
  },
  "primary_ansatz": {
    "name": "revised",
    "description": "Full horizontal CNOT coverage (rows 0-3 and 4-7)",
    "cnot_pairs": [
      [
        0,
        1
      ],
      [
        1,
        2
      ],
      [
        2,
        3
      ],
      [
        4,
        5
      ],
      [
        5,
        6
      ],
      [
        6,
        7
      ]
    ],
    "num_parameters": 16,
    "weights": [
      2.028688458416275,
      5.779721434534927,
      3.8064675625771183,
      2.549336045759972,
      1.229813716104226,
      2.6940539912199064,
      0.6202961177101076,
      5.547893381434076,
      6.33954947225239,
      3.207043072710038,
      -0.005176613239918013,
      6.4130276621884015,
      6.2922639395349975,
      -0.010911167985609885,
      -0.03146961453903058,
      2.663858866342268
    ],
    "training": {
      "optimizer": "COBYLA",
      "max_iter_per_batch": 100,
      "num_epochs": 1,
      "batch_size": 140,
      "num_batches": 3,
      "final_loss": 0.3028120266769714,
      "train_accuracy": 100.0,
      "test_accuracy": 100.0
    }
  },
  "alternative_ansatz": {
    "name": "first",
    "description": "Top-row-only CNOT coverage (qubits 0-3)",
    "cnot_pairs": [
      [
        0,
        1
      ],
      [
        1,
        2
      ],
      [
        2,
        3
      ]
    ],
    "num_parameters": 16,
    "weights": [
      4.2694728745001616,
      5.898311915096116,
      6.202051194776319,
      2.04509490217587,
      -0.21760635836739808,
      2.8327264048191174,
      0.011992754263106517,
      5.814501631702093,
      6.017183404221613,
      4.9186551104165455,
      -1.4004813861582806,
      5.24637076562599,
      5.921089973508115,
      0.15936125580080762,
      -0.12614901579142562,
      -0.28317370572950595
    ],
    "training": {
      "optimizer": "COBYLA",
      "max_iter_per_batch": 100,
      "num_epochs": 1,
      "batch_size": 140,
      "num_batches": 3,
      "final_loss": 0.8907831277003722,
      "train_accuracy": 60.0,
      "test_accuracy": 60.0
    }
  }
}